Timestamp,Email address,Select up to 10 essential terms,"If you selected less than 10 terms, please explain why and any other comments you would like to provide in regards to the terms.","1012_For Question 1, indicate whether it requires high or low cognitive effort to answer","1012_For Question 2, indicate whether it requires high or low cognitive effort to answer","1012_For Question 3, indicate whether it requires high or low cognitive effort to answer","1012_For Question 4, indicate whether it requires high or low cognitive effort to answer","1012_For Question 5, indicate whether it requires high or low cognitive effort to answer","1012_For Question 6, indicate whether it requires high or low cognitive effort to answer","1012_For Question 7, indicate whether it requires high or low cognitive effort to answer","1012_For Question 8, indicate whether it requires high or low cognitive effort to answer","1012_For Question 9, indicate whether it requires high or low cognitive effort to answer","1012_For Question 10, indicate whether it requires high or low cognitive effort to answer",1012_Select 3–4 questions that users need to answer to understand the motivation and result of the abstract. DO NOT SELECT ANY QUESTIONS ABOUT THE METHODS USED IN THE STUDY.,"1012_If any questions or answer choices need revision, please revise and explain below.",Select up to 10 essential terms,"If you selected less than 10 terms, please explain why and any other comments you would like to provide in regards to the terms.","1013_For Question 1, indicate whether it requires high or low cognitive effort to answer","1013_For Question 2, indicate whether it requires high or low cognitive effort to answer","1013_For Question 3, indicate whether it requires high or low cognitive effort to answer","1013_For Question 4, indicate whether it requires high or low cognitive effort to answer","1013_For Question 5, indicate whether it requires high or low cognitive effort to answer","1013_For Question 6, indicate whether it requires high or low cognitive effort to answer","1013_For Question 7, indicate whether it requires high or low cognitive effort to answer","1013_For Question 8, indicate whether it requires high or low cognitive effort to answer","1013_For Question 9, indicate whether it requires high or low cognitive effort to answer","1013_For Question 10, indicate whether it requires high or low cognitive effort to answer",1013_Select 3–4 questions that users need to answer to understand the motivation and result of the abstract. DO NOT SELECT ANY QUESTIONS ABOUT THE METHODS USED IN THE STUDY.,"1013_If any questions or answer choices need revision, please revise and explain below.",Select up to 10 essential terms,"If you selected less than 10 terms, please explain why and any other comments you would like to provide in regards to the terms.","1014_For Question 1, indicate whether it requires high or low cognitive effort to answer","1014_For Question 2, indicate whether it requires high or low cognitive effort to answer","1014_For Question 3, indicate whether it requires high or low cognitive effort to answer","1014_For Question 4, indicate whether it requires high or low cognitive effort to answer","1014_For Question 5, indicate whether it requires high or low cognitive effort to answer","1014_For Question 6, indicate whether it requires high or low cognitive effort to answer","1014_For Question 7, indicate whether it requires high or low cognitive effort to answer","1014_For Question 8, indicate whether it requires high or low cognitive effort to answer","1014_For Question 9, indicate whether it requires high or low cognitive effort to answer","1014_For Question 10, indicate whether it requires high or low cognitive effort to answer",1014_Select 3–4 questions that users need to answer to understand the motivation and result of the abstract. DO NOT SELECT ANY QUESTIONS ABOUT THE METHODS USED IN THE STUDY.,"1014_If any questions or answer choices need revision, please revise and explain below.",Select up to 10 essential terms,"If you selected less than 10 terms, please explain why and any other comments you would like to provide in regards to the terms.","1015_For Question 1, indicate whether it requires high or low cognitive effort to answer","1015_For Question 2, indicate whether it requires high or low cognitive effort to answer","1015_For Question 3, indicate whether it requires high or low cognitive effort to answer","1015_For Question 4, indicate whether it requires high or low cognitive effort to answer","1015_For Question 5, indicate whether it requires high or low cognitive effort to answer","1015_For Question 6, indicate whether it requires high or low cognitive effort to answer","1015_For Question 7, indicate whether it requires high or low cognitive effort to answer","1015_For Question 8, indicate whether it requires high or low cognitive effort to answer","1015_For Question 9, indicate whether it requires high or low cognitive effort to answer","1015_For Question 10, indicate whether it requires high or low cognitive effort to answer",1015_Select 3–4 questions that users need to answer to understand the motivation and result of the abstract. DO NOT SELECT ANY QUESTIONS ABOUT THE METHODS USED IN THE STUDY.,"1015_If any questions or answer choices need revision, please revise and explain below.",Select up to 10 essential terms,"If you selected less than 10 terms, please explain why and any other comments you would like to provide in regards to the terms.","1016_For Question 1, indicate whether it requires high or low cognitive effort to answer","1016_For Question 2, indicate whether it requires high or low cognitive effort to answer","1016_For Question 3, indicate whether it requires high or low cognitive effort to answer","1016_For Question 4, indicate whether it requires high or low cognitive effort to answer","1016_For Question 5, indicate whether it requires high or low cognitive effort to answer","1016_For Question 6, indicate whether it requires high or low cognitive effort to answer","1016_For Question 7, indicate whether it requires high or low cognitive effort to answer","1016_For Question 8, indicate whether it requires high or low cognitive effort to answer","1016_For Question 9, indicate whether it requires high or low cognitive effort to answer","1016_For Question 10, indicate whether it requires high or low cognitive effort to answer",1016_Select 3–4 questions that users need to answer to understand the motivation and result of the abstract. DO NOT SELECT ANY QUESTIONS ABOUT THE METHODS USED IN THE STUDY.,"1016_If any questions or answer choices need revision, please revise and explain below.",Select up to 10 essential terms,"If you selected less than 10 terms, please explain why and any other comments you would like to provide in regards to the terms.","1018_For Question 1, indicate whether it requires high or low cognitive effort to answer","1018_For Question 2, indicate whether it requires high or low cognitive effort to answer","1018_For Question 3, indicate whether it requires high or low cognitive effort to answer","1018_For Question 4, indicate whether it requires high or low cognitive effort to answer","1018_For Question 5, indicate whether it requires high or low cognitive effort to answer","1018_For Question 6, indicate whether it requires high or low cognitive effort to answer","1018_For Question 7, indicate whether it requires high or low cognitive effort to answer","1018_For Question 8, indicate whether it requires high or low cognitive effort to answer","1018_For Question 9, indicate whether it requires high or low cognitive effort to answer","1018_For Question 10, indicate whether it requires high or low cognitive effort to answer",1018_Select 3–4 questions that users need to answer to understand the motivation and result of the abstract. DO NOT SELECT ANY QUESTIONS ABOUT THE METHODS USED IN THE STUDY.,"1018_If any questions or answer choices need revision, please revise and explain below.",Select up to 10 essential terms,"If you selected less than 10 terms, please explain why and any other comments you would like to provide in regards to the terms.","1019_For Question 1, indicate whether it requires high or low cognitive effort to answer","1019_For Question 2, indicate whether it requires high or low cognitive effort to answer","1019_For Question 3, indicate whether it requires high or low cognitive effort to answer","1019_For Question 4, indicate whether it requires high or low cognitive effort to answer","1019_For Question 5, indicate whether it requires high or low cognitive effort to answer","1019_For Question 6, indicate whether it requires high or low cognitive effort to answer","1019_For Question 7, indicate whether it requires high or low cognitive effort to answer","1019_For Question 8, indicate whether it requires high or low cognitive effort to answer","1019_For Question 9, indicate whether it requires high or low cognitive effort to answer","1019_For Question 10, indicate whether it requires high or low cognitive effort to answer",1019_Select 3–4 questions that users need to answer to understand the motivation and result of the abstract. DO NOT SELECT ANY QUESTIONS ABOUT THE METHODS USED IN THE STUDY.,"1019_If any questions or answer choices need revision, please revise and explain below.",Select up to 10 essential terms,"If you selected less than 10 terms, please explain why and any other comments you would like to provide in regards to the terms.","1020_For Question 1, indicate whether it requires high or low cognitive effort to answer","1020_For Question 2, indicate whether it requires high or low cognitive effort to answer","1020_For Question 3, indicate whether it requires high or low cognitive effort to answer","1020_For Question 4, indicate whether it requires high or low cognitive effort to answer","1020_For Question 5, indicate whether it requires high or low cognitive effort to answer","1020_For Question 6, indicate whether it requires high or low cognitive effort to answer","1020_For Question 7, indicate whether it requires high or low cognitive effort to answer","1020_For Question 8, indicate whether it requires high or low cognitive effort to answer","1020_For Question 9, indicate whether it requires high or low cognitive effort to answer","1020_For Question 10, indicate whether it requires high or low cognitive effort to answer",1020_Select 3–4 questions that users need to answer to understand the motivation and result of the abstract. DO NOT SELECT ANY QUESTIONS ABOUT THE METHODS USED IN THE STUDY.,"1020_If any questions or answer choices need revision, please revise and explain below.",Select up to 10 essential terms,"If you selected less than 10 terms, please explain why and any other comments you would like to provide in regards to the terms.","1021_For Question 1, indicate whether it requires high or low cognitive effort to answer","1021_For Question 2, indicate whether it requires high or low cognitive effort to answer","1021_For Question 3, indicate whether it requires high or low cognitive effort to answer","1021_For Question 4, indicate whether it requires high or low cognitive effort to answer","1021_For Question 5, indicate whether it requires high or low cognitive effort to answer","1021_For Question 6, indicate whether it requires high or low cognitive effort to answer","1021_For Question 7, indicate whether it requires high or low cognitive effort to answer","1021_For Question 8, indicate whether it requires high or low cognitive effort to answer","1021_For Question 9, indicate whether it requires high or low cognitive effort to answer","1021_For Question 10, indicate whether it requires high or low cognitive effort to answer",1021_Select 3–4 questions that users need to answer to understand the motivation and result of the abstract. DO NOT SELECT ANY QUESTIONS ABOUT THE METHODS USED IN THE STUDY.,"1021_If any questions or answer choices need revision, please revise and explain below.",Select up to 10 essential terms,"If you selected less than 10 terms, please explain why and any other comments you would like to provide in regards to the terms.","1022_For Question 1, indicate whether it requires high or low cognitive effort to answer","1022_For Question 2, indicate whether it requires high or low cognitive effort to answer","1022_For Question 3, indicate whether it requires high or low cognitive effort to answer","1022_For Question 4, indicate whether it requires high or low cognitive effort to answer","1022_For Question 5, indicate whether it requires high or low cognitive effort to answer","1022_For Question 6, indicate whether it requires high or low cognitive effort to answer","1022_For Question 7, indicate whether it requires high or low cognitive effort to answer","1022_For Question 8, indicate whether it requires high or low cognitive effort to answer","1022_For Question 9, indicate whether it requires high or low cognitive effort to answer","1022_For Question 10, indicate whether it requires high or low cognitive effort to answer",1022_Select 3–4 questions that users need to answer to understand the motivation and result of the abstract. DO NOT SELECT ANY QUESTIONS ABOUT THE METHODS USED IN THE STUDY.,"1022_If any questions or answer choices need revision, please revise and explain below.",Select up to 10 essential terms,"If you selected less than 10 terms, please explain why and any other comments you would like to provide in regards to the terms.","1023_For Question 1, indicate whether it requires high or low cognitive effort to answer","1023_For Question 2, indicate whether it requires high or low cognitive effort to answer","1023_For Question 3, indicate whether it requires high or low cognitive effort to answer","1023_For Question 4, indicate whether it requires high or low cognitive effort to answer","1023_For Question 5, indicate whether it requires high or low cognitive effort to answer","1023_For Question 6, indicate whether it requires high or low cognitive effort to answer","1023_For Question 7, indicate whether it requires high or low cognitive effort to answer","1023_For Question 8, indicate whether it requires high or low cognitive effort to answer","1023_For Question 9, indicate whether it requires high or low cognitive effort to answer","1023_For Question 10, indicate whether it requires high or low cognitive effort to answer",1023_Select 3–4 questions that users need to answer to understand the motivation and result of the abstract. DO NOT SELECT ANY QUESTIONS ABOUT THE METHODS USED IN THE STUDY.,"1023_If any questions or answer choices need revision, please revise and explain below.",Select up to 10 essential terms,"If you selected less than 10 terms, please explain why and any other comments you would like to provide in regards to the terms.","1024_For Question 1, indicate whether it requires high or low cognitive effort to answer","1024_For Question 2, indicate whether it requires high or low cognitive effort to answer","1024_For Question 3, indicate whether it requires high or low cognitive effort to answer","1024_For Question 4, indicate whether it requires high or low cognitive effort to answer","1024_For Question 5, indicate whether it requires high or low cognitive effort to answer","1024_For Question 6, indicate whether it requires high or low cognitive effort to answer","1024_For Question 7, indicate whether it requires high or low cognitive effort to answer","1024_For Question 8, indicate whether it requires high or low cognitive effort to answer","1024_For Question 9, indicate whether it requires high or low cognitive effort to answer","1024_For Question 10, indicate whether it requires high or low cognitive effort to answer",1024_Select 3–4 questions that users need to answer to understand the motivation and result of the abstract. DO NOT SELECT ANY QUESTIONS ABOUT THE METHODS USED IN THE STUDY.,"1024_If any questions or answer choices need revision, please revise and explain below.",Select up to 10 essential terms,"If you selected less than 10 terms, please explain why and any other comments you would like to provide in regards to the terms.","1025_For Question 1, indicate whether it requires high or low cognitive effort to answer","1025_For Question 2, indicate whether it requires high or low cognitive effort to answer","1025_For Question 3, indicate whether it requires high or low cognitive effort to answer","1025_For Question 4, indicate whether it requires high or low cognitive effort to answer","1025_For Question 5, indicate whether it requires high or low cognitive effort to answer","1025_For Question 6, indicate whether it requires high or low cognitive effort to answer","1025_For Question 7, indicate whether it requires high or low cognitive effort to answer","1025_For Question 8, indicate whether it requires high or low cognitive effort to answer","1025_For Question 9, indicate whether it requires high or low cognitive effort to answer","1025_For Question 10, indicate whether it requires high or low cognitive effort to answer",1025_Select 3–4 questions that users need to answer to understand the motivation and result of the abstract. DO NOT SELECT ANY QUESTIONS ABOUT THE METHODS USED IN THE STUDY.,"1025_If any questions or answer choices need revision, please revise and explain below.",Select up to 10 essential terms,"If you selected less than 10 terms, please explain why and any other comments you would like to provide in regards to the terms.","1026_For Question 1, indicate whether it requires high or low cognitive effort to answer","1026_For Question 2, indicate whether it requires high or low cognitive effort to answer","1026_For Question 3, indicate whether it requires high or low cognitive effort to answer","1026_For Question 4, indicate whether it requires high or low cognitive effort to answer","1026_For Question 5, indicate whether it requires high or low cognitive effort to answer","1026_For Question 6, indicate whether it requires high or low cognitive effort to answer","1026_For Question 7, indicate whether it requires high or low cognitive effort to answer","1026_For Question 8, indicate whether it requires high or low cognitive effort to answer","1026_For Question 9, indicate whether it requires high or low cognitive effort to answer","1026_For Question 10, indicate whether it requires high or low cognitive effort to answer",1026_Select 3–4 questions that users need to answer to understand the motivation and result of the abstract. DO NOT SELECT ANY QUESTIONS ABOUT THE METHODS USED IN THE STUDY.,"1026_If any questions or answer choices need revision, please revise and explain below.",Select up to 10 essential terms,"If you selected less than 10 terms, please explain why and any other comments you would like to provide in regards to the terms.","1027_For Question 1, indicate whether it requires high or low cognitive effort to answer","1027_For Question 2, indicate whether it requires high or low cognitive effort to answer","1027_For Question 3, indicate whether it requires high or low cognitive effort to answer","1027_For Question 4, indicate whether it requires high or low cognitive effort to answer","1027_For Question 5, indicate whether it requires high or low cognitive effort to answer","1027_For Question 6, indicate whether it requires high or low cognitive effort to answer","1027_For Question 7, indicate whether it requires high or low cognitive effort to answer","1027_For Question 8, indicate whether it requires high or low cognitive effort to answer","1027_For Question 9, indicate whether it requires high or low cognitive effort to answer","1027_For Question 10, indicate whether it requires high or low cognitive effort to answer",1027_Select 3–4 questions that users need to answer to understand the motivation and result of the abstract. DO NOT SELECT ANY QUESTIONS ABOUT THE METHODS USED IN THE STUDY.,"1027_If any questions or answer choices need revision, please revise and explain below.",Select up to 10 essential terms,"If you selected less than 10 terms, please explain why and any other comments you would like to provide in regards to the terms.","1028_For Question 1, indicate whether it requires high or low cognitive effort to answer","1028_For Question 2, indicate whether it requires high or low cognitive effort to answer","1028_For Question 3, indicate whether it requires high or low cognitive effort to answer","1028_For Question 4, indicate whether it requires high or low cognitive effort to answer","1028_For Question 5, indicate whether it requires high or low cognitive effort to answer","1028_For Question 6, indicate whether it requires high or low cognitive effort to answer","1028_For Question 7, indicate whether it requires high or low cognitive effort to answer","1028_For Question 8, indicate whether it requires high or low cognitive effort to answer","1028_For Question 9, indicate whether it requires high or low cognitive effort to answer","1028_For Question 10, indicate whether it requires high or low cognitive effort to answer",1028_Select 3–4 questions that users need to answer to understand the motivation and result of the abstract. DO NOT SELECT ANY QUESTIONS ABOUT THE METHODS USED IN THE STUDY.,"1028_If any questions or answer choices need revision, please revise and explain below.",Select up to 10 essential terms,"If you selected less than 10 terms, please explain why and any other comments you would like to provide in regards to the terms.","1029_For Question 1, indicate whether it requires high or low cognitive effort to answer","1029_For Question 2, indicate whether it requires high or low cognitive effort to answer","1029_For Question 3, indicate whether it requires high or low cognitive effort to answer","1029_For Question 4, indicate whether it requires high or low cognitive effort to answer","1029_For Question 5, indicate whether it requires high or low cognitive effort to answer","1029_For Question 6, indicate whether it requires high or low cognitive effort to answer","1029_For Question 7, indicate whether it requires high or low cognitive effort to answer","1029_For Question 8, indicate whether it requires high or low cognitive effort to answer","1029_For Question 9, indicate whether it requires high or low cognitive effort to answer","1029_For Question 10, indicate whether it requires high or low cognitive effort to answer",1029_Select 3–4 questions that users need to answer to understand the motivation and result of the abstract. DO NOT SELECT ANY QUESTIONS ABOUT THE METHODS USED IN THE STUDY.,"1029_If any questions or answer choices need revision, please revise and explain below.",Select up to 10 essential terms,"If you selected less than 10 terms, please explain why and any other comments you would like to provide in regards to the terms.","1030_For Question 1, indicate whether it requires high or low cognitive effort to answer","1030_For Question 2, indicate whether it requires high or low cognitive effort to answer","1030_For Question 3, indicate whether it requires high or low cognitive effort to answer","1030_For Question 4, indicate whether it requires high or low cognitive effort to answer","1030_For Question 5, indicate whether it requires high or low cognitive effort to answer","1030_For Question 6, indicate whether it requires high or low cognitive effort to answer","1030_For Question 7, indicate whether it requires high or low cognitive effort to answer","1030_For Question 8, indicate whether it requires high or low cognitive effort to answer","1030_For Question 9, indicate whether it requires high or low cognitive effort to answer","1030_For Question 10, indicate whether it requires high or low cognitive effort to answer",1030_Select 3–4 questions that users need to answer to understand the motivation and result of the abstract. DO NOT SELECT ANY QUESTIONS ABOUT THE METHODS USED IN THE STUDY.,"1030_If any questions or answer choices need revision, please revise and explain below.",Select up to 10 essential terms,"If you selected less than 10 terms, please explain why and any other comments you would like to provide in regards to the terms.","1031_For Question 1, indicate whether it requires high or low cognitive effort to answer","1031_For Question 2, indicate whether it requires high or low cognitive effort to answer","1031_For Question 3, indicate whether it requires high or low cognitive effort to answer","1031_For Question 4, indicate whether it requires high or low cognitive effort to answer","1031_For Question 5, indicate whether it requires high or low cognitive effort to answer","1031_For Question 6, indicate whether it requires high or low cognitive effort to answer","1031_For Question 7, indicate whether it requires high or low cognitive effort to answer","1031_For Question 8, indicate whether it requires high or low cognitive effort to answer","1031_For Question 9, indicate whether it requires high or low cognitive effort to answer","1031_For Question 10, indicate whether it requires high or low cognitive effort to answer",1031_Select 3–4 questions that users need to answer to understand the motivation and result of the abstract. DO NOT SELECT ANY QUESTIONS ABOUT THE METHODS USED IN THE STUDY.,"1031_If any questions or answer choices need revision, please revise and explain below."
1/5/2026 11:49:34,Overall,"Alpha-glucosidase inhibitors, type 2 diabetes mellitus, impaired glucose tolerance, impaired fasting blood glucose, glycosylated haemoglobin A1c, acarbose, voglibose, all-cause mortality, non-fatal myocardial infarction, non-serious adverse events",,High cognitive,High cognitive,High cognitive,High cognitive,High cognitive,Low cognitive,Low cognitive,Low cognitive,Low cognitive,Low cognitive,"Question 6, Question 7, Question 9","I have a comment regarding the questions in general, rather than just about one question/answer: it seems that many of the questions generated for this abstract involve assessing methodology or statistical factors, which is why I only ended up selecting three questions.","cancer-related fatigue, cardiovascular training, resistance training, quality of life, fatigue scales, Functional Assessment of Chronic Illness Therapy, Functional Assessment of Cancer Therapy, chemotherapy, radiotherapy",I selected fewer than 10 terms because I felt that the remaining terms were either more relevant to the methodology/study design or were not necessary to understand the abstract's main message.,Low cognitive,High cognitive,Low cognitive,Low cognitive,High cognitive,Low cognitive,Low cognitive,Low cognitive,Low cognitive,Low cognitive,"Question 4, Question 7, Question 8","For question 5, I thought that correctly selecting answer choice A would be considered ""low cognitive,"" but that selecting answer choice C as well would be ""high cognitive,"" so that is why I rated the question ""high cognitive"" overall.

Additionally, I didn't select both question 4 and 9 because they are essentially testing the same point of understanding.","Cancer-related fatigue, anticancer therapy, quality of life, adverse events, Brief Fatigue Inventory, Multidimensional Fatigue Inventory, Quality of Life Questionnaire-C30","I selected fewer than 10 terms because I felt that the remaining terms either pertained to the study's methodology or were not important in understanding the main points of the abstract. For example, the abstract itself did not report results for the outcomes of anxiety and depression, so I did not select those terms.",Low cognitive,Low cognitive,Low cognitive,Low cognitive,Low cognitive,Low cognitive,Low cognitive,Low cognitive,Low cognitive,Low cognitive,"Question 5, Question 6, Question 8","For question 3, I believe the correct answer is much more directly found in the summary than it is in the abstract itself. Additionally, although the variables listed (type of yoga, format of yoga, and participant age) were examined to assess differences in yoga's effects, I don't believe they necessarily factored into the assessment of study quality.

To improve the accuracy of the correct answer for question 5, my suggestion would be to rephrase the answer choice to something like this: ""It may have a small beneficial effect or no effect, but the evidence is very uncertain."" 

For question 7, although I didn't select it, I believe it's only answerable using the summary and not the abstract.

Additionally, I think question 10 is useful in assessing understanding of a motivation behind the study, but it is only answerable using the plain-language summary, and not the abstract. I likely would have selected it if it were answerable with both the abstract and PLS.","cardiovascular training, cancer-related fatigue (CRF), quality of life (QoL), adverse events, anticancer therapy","I selected fewer than 10 terms because I felt that the remaining terms either pertained to the study's methodology or were not important in understanding the main points of the abstract. For example, the abstract itself did not report results for the outcomes of anxiety and depression, so I did not select those terms.",Low cognitive,Low cognitive,Low cognitive,Low cognitive,High cognitive,Low cognitive,Low cognitive,Low cognitive,Low cognitive,Low cognitive,"Question 1, Question 2, Question 9","For question 3, I'm unsure if the correct answer choice (""By evaluating the heterogeneity of definitions and measurements related to adverse events"") is actually the most correct answer. The study itself does not evaluate the heterogeneity of definitions and measurements relating to adverse events; rather, the abstract states that ""heterogeneous definitions, reporting and measurement"" are reasons why the evidence regarding cardio training and adverse events is considered low-certainty. Therefore, I think a more correct answer to this question would be: ""By stating that the effect of cardiovascular training on adverse events is unclear due to very low-certainty evidence."" 

Question 4 seems to have a formatting error in the text, but it may just be my computer. 

For question 5, I'm unsure that it can be answered using the abstract alone, as the abstract just states uncertainty about the effects but does not give sufficient information about the reason why. Additionally, the PLS really only mentions lack of medium-term data as a reason for the uncertainty, and not necessarily lack of long-term data.

Questions 6, 7, and 8 can really only be definitively answered using the PLS, and not the abstract alone.","Opioid-refractory, oromucosal nabiximols, tetrahydrocannabinol (THC), cannabidiol (CBD), patient global impression of change (PGIC), synthetic THC analogue, analgesic treatment, chemotherapy, radiochemotherapy, adverse events",,High cognitive,High cognitive,High cognitive,High cognitive,Low cognitive,Low cognitive,Low cognitive,Low cognitive,Low cognitive,Low cognitive,"Question 5, Question 6, Question 9, Question 10","For question 7, only answer choice B is labeled as correct, but I would argue that answer choice A (""Their effectiveness compared to opioid treatments"") is also correct. In the abstract, the purpose is stated as: ""To evaluate the benefits and harms of cannabis-based medicines, including medical cannabis, for treating pain and other symptoms in adults with cancer compared to placebo or any other established analgesic for cancer pain,"" and opioid medications are established analgesics for cancer pain. 

Although I scored question 8 as ""low cognitive"" because the answer is directly stated in the PLS, I think it could actually be considered ""high cognitive"" if using the abstract alone to answer it, as it is not directly stated and requires reading carefully through the results and understanding what was compared to what.","biosimilars, biological medicine, bevacizumab, rituximab, trastuzumab, progression-free survival, duration of response, overall survival, serious adverse events, health-related quality of life",,Low cognitive,Low cognitive,High cognitive,High cognitive,High cognitive,High cognitive,Low cognitive,Low cognitive,Low cognitive,Low cognitive,"Question 3, Question 4, Question 9, Question 10","For question 1, I would argue that the answer marked as correct (""Biosimilars can be produced more cheaply due to structural similarities"") is not truly correct, as the structural similarity between biosimilars and originator drugs is not really the reason why they are cheaper. I suggest modifying the answer to: ""Biosimilars are similar in structure to originator drugs and can be produced more cheaply."" Additionally, although this question can be answered easily using the PLS, I don't believe the abstract has any mention of biosimilars being cheaper to produce or more affordable than originator drugs. 

Similarly, for question 6, it is much more difficult to answer it using the abstract alone, because the abstract does not discuss the cost of biosimilars.

I also don't think question 7 can really be answered using the abstract alone, despite being very easily answered using the PLS (unless the reader has prior knowledge of/familiarity with generic medications).

For question 8, see my comments on questions 1 and 6.","bisphosphonates, denosumab, bone metabolism pathways, skeletal-related event (SRE), overall survival, disease-free survival, bone metastases, osteonecrosis of the jaw","I selected fewer than 10 terms because I felt the remaining terms either pertained to the study's methodology, were redundant, or were not important in understanding the abstract's main points.",Low cognitive,Low cognitive,High cognitive,Low cognitive,High cognitive,Low cognitive,Low cognitive,Low cognitive,Low cognitive,Low cognitive,"Question 2, Question 4, Question 8, Question 9","Question 7 is only answerable using the PLS, and not the abstract itself.

For question 8, I suggest modifying the question to: ""Which group of women with early breast cancer (EBC) showed improved survival with bisphosphonates?"" because there was no survival benefit at all for women with ABC. Additionally, having answer choice C marked as incorrect is confusing, as an overall survival benefit was in fact demonstrated (i.e., premenopausal and postmenopausal women combined). I suggest either modifying it to ""Both premenopausal women alone and postmenopausal women alone"" and keeping it incorrect, or modifying it to ""Premenopausal and postmenopausal women combined"" and marking it as correct, in addition to answer choice A. 

For question 10, I'm unsure if it can really be answered using the abstract alone without prior knowledge of complications of bone metastases. ","EGFR mutation positive, non-small cell lung cancer, cytotoxic chemotherapy, erlotinib, gefitinib, afatinib, icotinib, progression-free survival, overall survival, health-related quality of life","One comment I have is that if cetuximab were on the list of terms, I likely would have selected it, as the four other EGFR-targeted therapies were on the list. 

Additionally, I really wanted to select ""tyrosine kinase inhibitor,"" but thought it might be redundant with the four drugs I selected (because they are TKIs).",High cognitive,High cognitive,High cognitive,High cognitive,High cognitive,Low cognitive,Low cognitive,Low cognitive,Low cognitive,Low cognitive,"Question 3, Question 6, Question 7, Question 8","I marked question 1 as ""high cognitive"" because even though selecting answer choice C is quite simple given it is stated directly in the abstract, selecting the other correct answer choice, A, requires more inference. However, I don't think answer choice C is something that can be selected given the information in the PLS alone, as the summary does not discuss participants being allowed to switch treatments. 

For question 3, because the abstract and PLS (in my opinion) don't provide enough information to really conclude the reasons why TKIs improve health-related quality of life compared to chemo, I recommend modifying the question for clarity. One suggestion I have is this: ""Which additional findings from the study may support the finding that TKIs improve health-related quality of life compared to chemotherapy?"" 

For question 5, because the PLS doesn't discuss the fact that the majority of study participants were of Asian origin, it can't really be answered using the PLS alone.

For question 6, I suggest modifying the correct answer choice to: ""To determine if EGFR-targeted drugs improve overall survival and progression-free survival."" This would ensure the answer choice includes both primary outcomes stated in the abstract, and not just one. I do believe this answer choice can be determined from the PLS alone, even though these outcomes aren't worded the exact same way when discussed in the summary. 

Although question 9 can easily be answered using the PLS, I'm unsure that it can be answered using the abstract alone. The information in the abstract that could point to the correct answer is this: ""There are no data supporting the use of monoclonal antibody therapy."" However, I don't think readers should be expected to extrapolate ""no improvement in life expectancy"" from simply being told there's ""no data supporting the use"" of cetuximab, because the abstract doesn't tell us why there isn't supporting data. 

For question 10, although it's easily answered using the abstract, I would argue that the concept of drug toxicity is too complex for readers without biomedical backgrounds to be expected to determine the relative toxicity of standard chemo vs EGFR-targeted treatments when the only information they receive is that people given the targeted treatments experience fewer side effects. In other words, I'm unsure if this question can really be answered using the PLS alone.","purified thymus extracts, synthetic thymic peptides, immunosuppression, thymosin ?1, overall survival, disease-free survival, tumour response, adverse effects, severe infectious complications, severe neutropenia",,Low cognitive,High cognitive,High cognitive,High cognitive,High cognitive,Low cognitive,Low cognitive,Low cognitive,Low cognitive,Low cognitive,"Question 1, Question 4, Question 5, Question 7","I'm unsure if question 2 is answerable using the abstract alone, as the abstract only mentions that ""many trials had at least moderate risk of bias"" but does not say that most trials were of moderate quality like the PLS does. 

For question 5, because only the PLS mentions metastatic melanoma specifically (and the abstract does not), I suggest modifying the question to: ""Evaluate the potential impact of thymosin ?1 as an addition to chemotherapy for cancer management."" 

To improve the accuracy of the correct answer for question 7, I suggest modifying it to: ""To determine if they improve response to and tolerability of chemotherapy, radiotherapy, or combined treatment.""

Question 8 is not answerable using the abstract alone unless readers have pre-existing knowledge that T cell maturation occurs in the thymus. 

Question 10's answerability using the abstract alone is contingent upon readers' familiarity with the term ""neutropenia"" (i.e., whether or not readers know that the term refers to low white blood cell counts). ","Glioblastoma, Stupp protocol, lomustine, progression-free survival, overall survival, bevacizumab, temozolomide, Fotemustine, re-irradiation, severe adverse events",,High cognitive,High cognitive,Low cognitive,High cognitive,High cognitive,Low cognitive,Low cognitive,Low cognitive,High cognitive,Low cognitive,"Question 4, Question 6, Question 7, Question 10","For question 3, because only the abstract mentions toxicity specifically (while the PLS does not), I suggest modifying the correct answer choice to: ""Increased adverse event rates."" Toxicity is a specific pharmacological concept that readers may or may not have prior familiarity with (and therefore may not be able to answer the question from the summary alone), but the increase in severe adverse events is directly mentioned in both the abstract and PLS.

For question 7, I recommend re-wording the question, as it is confusing depending on whether you're answering it using the summary or the abstract. When using the summary, it is quite simple to reach the correct answer choice of ""lomustine alone"" because it is directly stated in the text. However, although the abstract says that ""combination treatments for first recurrence did not improve survival compared with lomustine monotherapy,"" it also discusses a ranking analysis of treatments in which ""bevacizumab plus lomustine"" is ranked above lomustine alone. This ranking can be confusing when having to choose between the answer choices of ""lomustine alone"" and ""bevacizumab plus lomustine,"" so I suggest changing the question to make this less ambiguous. My suggestion is: ""Which treatment appeared most effective for first recurrence of GBM and had the lowest rate of adverse events?"" This question doesn't leave ambiguity when answering with either the abstract or the PLS. 

Question 8 is really only answerable using the abstract, and not the PLS (see comments for question 3 about toxicity).","non-small cell lung cancer, performance status, targetable mutation, immunotherapy regimens, overall survival, health-related quality of life, progression-free survival, tumor response rate, platinum doublet therapy, hematologic toxicities",,Low cognitive,Low cognitive,Low cognitive,Low cognitive,Low cognitive,Low cognitive,Low cognitive,Low cognitive,Low cognitive,Low cognitive,"Question 1, Question 3, Question 5, Question 7","For question 2, since the study did more than simply compare platinum-based and non-platinum chemo regimens, I suggest modifying the correct answer to: ""By comparing different chemotherapy or immunotherapy regimens.""

Question 5 seems to have a formatting error in the text, but it may just be my computer. Additionally, I don't think the correct answer (""The evidence for the efficacy of immunotherapy was limited"") is really a ""critique of the robustness"" of the study's conclusions regarding immunotherapy, but rather a restating of the study's conclusion (at least according to the abstract; it's stated less directly in the PLS though). Therefore, I would suggest modifying the question to: ""What did the study conclude regarding the use of immunotherapy for PS 2 patients?"" 

For question 9, because the abstract and PLS discuss the findings on immunotherapy in different ways (i.e., the abstract states ""the assessment of the efficacy of immunotherapy in people with PS2 was limited"" and the PLS states immunotherapy showed ""no survival benefit compared to chemotherapy""), I'm unsure if this question can necessarily be answered using the abstract alone if the wording for the correct answer choice is maintained. Maybe a better way to word it that incorporates how both the abstract and PLS discuss the topic is this: ""There wasn't enough evidence to suggest the use of immunotherapy."" 

Question 10 should be modified to: ""How does the study classify the certainty of its toxicity findings."" Additionally, I'm unsure that the correct answer choice (""Low certainty"") can be reached using the PLS alone, as the PLS discusses the toxicity findings by saying ""we have little confidence in the evidence regarding toxicities"". Certainty and confidence are two different statistical terms, but I might also be getting too technical. ","Degarelix, gonadotropin-releasing hormone antagonist, androgen suppression therapy, metastatic prostate cancer, hormone-sensitive prostate cancer, overall survival, serious adverse events, quality of life, cancer-specific survival, cardiovascular events",,Low cognitive,High cognitive,Low cognitive,High cognitive,Low cognitive,Low cognitive,Low cognitive,Low cognitive,Low cognitive,Low cognitive,"Question 1, Question 5, Question 7","Although question 3 can be answered relatively easily using the abstract alone, I don't think the PLS provides enough information to reach the correct answer as it does not discuss the level of certainty of the evidence regarding serious adverse events.

For question 5, I suggest modifying the question to clarify that it's asking about the comparison between degarelix and standard hormonal therapy. My suggestion: ""How do the study's conclusions address the balance between serious adverse events and quality of life when comparing degarelix to standard androgen suppression therapy?""

I'm unsure if the correct answer for question 6 can be reached using the abstract alone, as only the PLS mentions that degarelix lowers testosterone levels ""immediately."" 

For question 7, I recommend modifying the correct answer to just ""Advanced prostate cancer"", as only the PLS, and not the abstract, mentions that ""newly diagnosed advanced prostate cancer."" 

For question 8, I would argue that ""Effects on serious unwanted effects"" being marked as an incorrect answer is confusing, as the abstract describes the evidence on serious adverse events as ""low-certainty,"" and the authors also state that they ""downgraded the certainty of evidence"" regarding serious adverse events. I think that this answer should either be marked as correct (although I'm not sure it would be easy to reach that conclusion from the PLS alone), or, the answer should be modified so that it is definitively incorrect. 

For question 9, I think it is only answerable using the abstract alone if readers have prior knowledge that testosterone is an androgen hormone, as only the PLS directly mentions ""testosterone."" ","Selenium, cancer incidence, cancer mortality, site-specific cancers, melanoma, high-grade prostate cancer, type 2 diabetes, genetic factors","I selected fewer than 10 terms because I felt that the remaining terms were either too methodological or were not important in understanding the main points of the abstract.
",Low cognitive,High cognitive,High cognitive,Low cognitive,High cognitive,Low cognitive,Low cognitive,Low cognitive,Low cognitive,Low cognitive,"Question 2, Question 4, Question 6, Question 10","For question 1, having the answer choice ""Selenium supplementation only affects the risk of specific cancers such as prostate cancer"" listed as correct could be confusing, because the PLS directly states: ""All of the high-quality randomised trials reported no effect of selenium on reducing overall risk of cancer or risk of particular cancers, including the most investigated outcome - prostate cancer."" Although there was some evidence that it might increase (rather than reduce) the risk of prostate cancer, I think it may be best to modify question 1 and its answers as such to minimize confusion:

What conclusions can be drawn regarding the effect of selenium on cancer risk?

A) Selenium supplementation reduces overall cancer risk. — Incorrect
B) Selenium supplementation does not reduce overall cancer risk. — Correct
C) Selenium supplementation reduces the risk of prostate cancer. — Incorrect

For question 4, because only the PLS (and not the abstract) has any mention of the term ""epidemiological evidence,"" I suggest modifying the correct answer to: ""The hypothesis is not supported by current evidence"" to ensure it can be answered using both the abstract alone and the PLS alone.

Question 7 can only be answered using the PLS, and not the abstract alone.","cancer survivors, dietary interventions, morbidity and mortality, health-related quality of life, secondary malignancies, anthropometry, energy intake, Diet Quality Index, body mass index, waist-to-hip ratio",,Low cognitive,Low cognitive,High cognitive,Low cognitive,Low cognitive,Low cognitive,Low cognitive,High cognitive,Low cognitive,Low cognitive,"Question 2, Question 6, Question 7, Question 9","Question 1 is not answerable using the PLS alone. The PLS mentions that most studies reviewed did not evaluate key outcomes like mortality and morbidity, but unlike the abstract, it does not provide the information that evidence showed little to no effects of dietary intervention on mortality.","Breast cancer, cancer prevention agents, selective estrogen receptor modulators, tamoxifen, raloxifene, aromatase inhibitors, exemestane, anastrozole, endometrial carcinoma","I selected fewer than 10 terms because the remaining terms either pertained to methodology or were redundant with terms I had already selected. 
Not included in this list but also very important to understanding the results of this study is the term ""thromboembolism."" ",Low cognitive,Low cognitive,High cognitive,High cognitive,High cognitive,Low cognitive,Low cognitive,Low cognitive,Low cognitive,Low cognitive,"Question 2, Question 3, Question 8, Question 10","The correct answer for question 7 should be modified to ""Women who have never been diagnosed with breast cancer but are at an above-average risk"". This is because only the PLS, and not the abstract, specifically defines the above-average risk as >17%.  

For question 9, I recommend rewording the question to: ""What did the study find regarding the effectiveness of tamoxifen compared to placebo?"" because the correct answer is not talking about means of measuring the drugs' effectiveness. Additionally, I would recommend modifying the correct answer to: ""Tamoxifen reduced the risk of developing breast cancer compared to placebo"", because the 32% reduction figure can only be determined from the abstract alone if readers are familiar with how to interpret risk ratios (which they may or may not be).","polyphenols, catechins, cancer cell proliferation, prostate cancer, gynaecological cancer, non-melanoma skin cancer, quality of life, oesophageal cancer",I selected fewer than 10 terms because the remaining terms either pertained to the study's methodology or were not important in understanding the abstract's main points. ,High cognitive,Low cognitive,Low cognitive,High cognitive,Low cognitive,Low cognitive,Low cognitive,Low cognitive,Low cognitive,Low cognitive,"Question 6, Question 7, Question 10","For question 2, the correct answer should be: ""They limit the interpretability of the risk ratio estimates"" (RR is used as the abbreviation for risk ratio, not risk reduction). Additionally, although the correct answer is directly stated in the abstract, which is why I assigned the rating of ""low cognitive,"" I would argue that this question may be ""high cognitive"" if using the PLS alone to answer it (and this part of the comment also applies to question 3).

The correct answer for question 5 cannot be reached using the PLS alone, as it does not provide the information that the majority of included studies were carried out in Asian populations with a high green tea intake.

I don't think the correct answer for question 8 can be reached using the abstract alone, as it mentions that ""After stratifying the analysis according to study design, we found strongly conflicting results for some cancer sites: oesophageal, prostate and urinary tract cancer, and leukaemia showed an increased RR in cohort studies and a decreased RR or no difference in case-control studies."" Therefore, because the decreased risk of prostate cancer was only observed with some study designs, and not others, I think either the question or answer choice would need to be modified.","antioxidant nutrients, lung cancer incidence, lung cancer mortality, vitamin A, postmenopausal women, haemorrhagic strokes, renal calculi, selenium supplements, dermatitis, alopecia",,Low cognitive,Low cognitive,High cognitive,Low cognitive,Low cognitive,Low cognitive,Low cognitive,Low cognitive,Low cognitive,Low cognitive,"Question 2, Question 5, Question 8, Question 10","For question 4, I'm not sure if it is worded the best; I don't think it is the study's findings that lead us to the conclusion that RCTs were used; rather, the abstract directly states that RCTs were included in this study (and the PLS states it indirectly). 

For question 10, I suggest modifying answer choice C to: ""Vitamins are harmful to lung cancer prevention in all demographic groups"" to maintain that it can truly be considered incorrect. It could be argued that because some vitamins are associated with increased lung cancer incidence in certain demographic groups (like vitamin A for smokers or vitamin C for women), then vitamins are harmful to lung cancer prevention in certain cases. ","H. pylori eradication therapy, Helicobacter pylori, gastric adenocarcinoma, asymptomatic individuals, incidence of gastric cancer, oesophageal cancer, placebo, mortality from gastric cancer, adverse effects","I selected fewer than 10 terms because the remaining terms were either methodologically-related, redundant with already selected terms, or not important to understanding the abstract's main points.",High cognitive,High cognitive,Low cognitive,High cognitive,High cognitive,Low cognitive,Low cognitive,Low cognitive,Low cognitive,Low cognitive,"Question 3, Question 6, Question 8","Question 2 as a whole does not seem very relevant.

For question 3, to improve accuracy of the correct answer choices, I suggest the following modifications:
A) Gastric cancer mortality may be reduced with eradication efforts. — Correct
B) Gastric cancer mortality rates are unaffected by H. pylori treatment. — Incorrect
C) Mortality reduction may be specific to the Asian populations studied. — Correct

Question 7 is not answerable using the abstract alone, as it does not mention that antibiotics are the treatment for H. pylori. 

For question 8, I recommend modification because the abstract does not directly mention antibiotics, and reduction in gastric cancer incidence is only one of the reported benefits. Here is my suggestion: ""In the context of the study, what is one reported benefit of H. pylori eradication in healthy asymptomatic individuals?""

Question 9 appears to have a formatting error in the text, but it may just be my computer.

Technically, all of the listed answers for question 10 could be considered correct, so I would recommend modification to the ""incorrect"" answers to ensure they are unambiguously incorrect. ","Coronary heart disease, cardiac rehabilitation, myocardial infarction, coronary artery bypass graft, percutaneous coronary intervention, angina pectoris, health-related quality of life, quality-adjusted life years, psychosocial interventions, revascularisation",,Low cognitive,High cognitive,High cognitive,High cognitive,High cognitive,Low cognitive,Low cognitive,Low cognitive,Low cognitive,Low cognitive,"Question 1, Question 6, Question 7","I would argue that it is difficult to reach the correct answer choice A for question 1 using the PLS alone, as it mentions reductions in all-cause mortality and heart attacks, but not specifically cardiovascular mortality (""The findings of this update are consistent with the previous (2016) version of this Cochrane Review, and show important benefits of exercise-based cardiac rehabilitation that include a reduction in the risk of death due to any cause, heart attack, and hospital admission, and improvements in health-related quality of life, compared with not undertaking exercise.""). I recommend modifying answer choice A as such to ensure it's answerable using both the abstract and PLS: ""They demonstrate a reduction in the risk of heart attack.""  

For question 3, since the study's conclusions aren't really suggesting these specific improvements directly, I suggest modifying the wording to something along the lines of: ""Accounting for the study's conclusions, what improvements in exercise-based cardiac rehabilitation programs might be suggested?"" 

For question 7, I suggest modifying the wording to: ""How does exercise-based CR affect the risk of hospital admission for those with CHD at short-term follow-up?"" 

Question 8 is not answerable using the abstract alone.

Question 9 is not answerable using the PLS alone."